,,,,"Average practical potential (PVOUT Level 1, kWh/kWp/day), long-term",,,,,,,,,,,,
ISO_A3,Country or region,Note,World Bank Region,Yearly,January,February,March,April,May,June,July,August,September,October,November,December
ABW,Aruba (Neth.),,Other,4.96,4.88,5.31,5.38,5.11,4.86,4.81,4.92,5.22,5.20,4.80,4.57,4.56
AFG,Afghanistan,,SOA,5.02,3.76,4.15,4.86,5.19,5.48,5.70,5.67,5.75,5.90,5.45,4.34,3.90
AGO,Angola,,AFR,4.66,4.21,4.31,4.46,4.79,5.20,5.18,5.13,5.01,4.79,4.49,4.25,4.07
ALB,Albania,,ECA,4.04,2.73,3.22,4.05,4.29,4.80,5.28,5.49,5.27,4.42,3.74,2.80,2.38
AND,Andorra,,Other,4.20,2.87,3.76,4.74,4.73,4.74,5.03,5.22,5.01,4.65,4.05,2.98,2.58
ARE,United Arab Emirates,,MENA,5.00,4.76,5.11,5.22,5.17,5.17,4.99,4.64,4.88,5.26,5.33,4.92,4.63
ARG,Argentina,up to parallel 45°S,LCR,4.60,5.36,5.16,4.90,4.25,3.63,3.45,3.76,4.35,4.75,5.00,5.30,5.29
ARM,Armenia,,ECA,4.11,2.64,3.51,3.92,4.16,4.65,5.29,5.31,5.30,5.09,3.98,3.12,2.29
ASM,American Samoa (U.S.),,Other,3.98,4.07,4.26,4.41,4.05,3.61,3.40,3.44,3.89,4.16,4.23,4.18,4.12
ATG,Antigua and Barbuda,,LCR,4.77,4.69,5.02,5.23,5.02,4.73,4.63,4.69,4.91,4.82,4.65,4.46,4.40
AUS,Australia,,Other,4.71,4.91,4.91,4.86,4.70,4.24,3.88,4.14,4.71,5.09,5.18,4.95,4.91
AUT,Austria,,Other,3.26,1.76,2.71,3.51,4.17,4.34,4.37,4.39,4.27,3.56,2.79,1.72,1.47
AZE,Azerbaijan,,ECA,3.82,2.58,3.11,3.70,4.03,4.63,5.06,4.94,4.82,4.24,3.37,2.84,2.45
BDI,Burundi,,AFR,4.17,3.79,4.09,4.16,4.01,4.05,4.48,4.80,4.69,4.53,4.12,3.66,3.67
BEL,Belgium,,Other,2.92,1.33,2.03,3.04,3.91,4.13,4.26,4.14,3.88,3.31,2.43,1.42,1.07
BEN,Benin,,AFR,4.20,4.49,4.52,4.31,4.25,4.13,3.83,3.55,3.41,3.97,4.50,4.80,4.64
BFA,Burkina Faso,,AFR,4.57,4.97,4.96,4.64,4.47,4.34,4.11,4.06,4.01,4.50,4.84,5.01,4.96
BGD,Bangladesh,,SOA,3.88,3.76,4.43,4.68,4.40,3.88,3.23,3.23,3.42,3.57,4.00,4.22,3.79
BGR,Bulgaria,,ECA,3.70,2.18,2.99,3.68,4.18,4.66,4.93,5.06,4.96,4.17,3.29,2.37,1.93
BHR,Bahrain,,MENA,4.87,4.25,4.66,4.93,4.88,5.17,5.29,5.08,5.22,5.37,5.11,4.31,4.14
BHS,The Bahamas,,LCR,4.55,4.14,4.65,5.03,5.06,4.75,4.47,4.74,4.79,4.57,4.32,4.13,3.94
BIH,Bosnia and Herzegovina,,ECA,3.57,2.14,2.78,3.69,4.00,4.46,4.76,4.97,4.80,3.88,3.22,2.21,1.88
BLR,Belarus,,ECA,2.95,1.09,1.92,3.22,4.05,4.57,4.64,4.49,4.22,3.28,2.17,0.95,0.73
BLZ,Belize,,LCR,4.18,3.67,4.30,4.74,4.79,4.42,3.96,4.23,4.43,4.32,3.96,3.75,3.57
BMU,Bermuda (U.K.),,Other,4.18,2.96,3.42,4.31,4.87,4.97,4.97,5.09,4.96,4.58,3.90,3.30,2.85
BOL,Bolivia,,LCR,4.94,4.60,4.64,4.92,5.01,4.86,4.82,5.03,5.32,5.26,5.18,5.02,4.65
BRA,Brazil,,LCR,4.40,4.17,4.30,4.39,4.36,4.31,4.36,4.57,4.87,4.69,4.51,4.23,4.09
BRB,Barbados,,LCR,4.72,4.70,5.08,5.13,4.91,4.75,4.46,4.57,4.75,4.76,4.58,4.39,4.53
BRN,Brunei Darussalam,,Other,3.90,3.55,3.97,4.22,4.25,3.94,3.71,3.73,3.96,3.89,3.90,3.93,3.77
BTN,Bhutan,,SOA,3.92,4.44,4.34,4.16,3.76,3.61,3.21,3.09,3.23,3.45,4.28,4.66,4.78
BWA,Botswana,,AFR,5.11,4.70,4.80,4.93,5.10,5.27,5.18,5.31,5.60,5.59,5.29,4.84,4.67
CAF,Central African Republic,,AFR,4.47,5.22,5.06,4.68,4.44,4.13,3.84,3.70,3.86,4.25,4.39,4.90,5.16
CAN,Canada,up to parallel 60°N,Other,3.82,2.50,3.77,4.71,4.95,4.85,4.66,4.80,4.51,4.03,3.06,2.08,1.88
CHE,Switzerland,,Other,3.36,1.82,2.70,3.79,4.22,4.26,4.58,4.56,4.31,3.78,2.91,1.88,1.52
CHL,Chile,up to parallel 45°S,LCR,5.36,6.03,5.96,5.85,5.26,4.48,4.15,4.37,4.87,5.48,5.85,6.08,6.04
CHN,China,,EAP,3.88,3.53,3.98,4.27,4.23,4.16,3.90,3.97,4.03,3.92,3.83,3.44,3.35
CIV,Côte d'Ivoire,,AFR,4.00,4.46,4.47,4.26,4.21,4.02,3.50,3.27,3.25,3.69,4.16,4.38,4.36
CMR,Cameroon,,AFR,4.28,4.99,4.85,4.49,4.21,4.00,3.68,3.49,3.55,4.05,4.33,4.76,4.96
COD,Democratic Republic of Congo,,AFR,4.26,3.97,4.12,4.28,4.44,4.56,4.49,4.45,4.34,4.35,4.19,4.00,3.88
COG,Congo,,AFR,3.77,4.02,4.08,4.21,4.08,3.62,3.38,3.54,3.58,3.58,3.67,3.77,3.69
COL,Colombia,,LCR,4.05,4.47,4.41,4.12,3.84,3.77,3.70,3.83,4.03,4.15,4.09,4.02,4.19
COM,Comoros,,AFR,4.29,3.96,4.09,4.27,4.35,4.25,4.06,4.10,4.48,4.60,4.48,4.49,4.28
CPV,Cabo Verde,,AFR,4.68,4.53,4.96,5.42,5.41,5.13,4.72,4.17,4.11,4.41,4.63,4.47,4.26
CRI,Costa Rica,,LCR,4.09,4.39,4.87,4.97,4.48,3.93,3.69,3.60,3.86,4.02,3.79,3.64,3.94
CUB,Cuba,,Other,4.54,4.22,4.75,5.04,4.98,4.60,4.34,4.62,4.69,4.64,4.37,4.21,4.05
CUW,Curaçao (Neth.),,Other,4.83,4.73,5.08,5.16,4.90,4.78,4.75,4.86,5.10,5.10,4.72,4.39,4.45
CYM,Cayman Islands (U.K.),,Other,4.63,4.22,4.84,5.22,5.27,4.74,4.44,4.76,4.83,4.68,4.32,4.18,4.05
CYP,Cyprus,,ECA,4.70,3.23,3.89,4.66,5.04,5.42,5.75,5.79,5.68,5.37,4.55,3.82,3.13
CZE,Czech Republic,,ECA,3.05,1.39,2.30,3.19,4.11,4.36,4.36,4.28,4.21,3.39,2.43,1.39,1.14
DEU,Germany,,Other,2.96,1.30,2.12,3.12,4.01,4.28,4.32,4.23,4.00,3.30,2.41,1.37,1.03
DJI,Djibouti,,MENA,4.80,4.84,5.22,5.18,5.17,4.76,4.17,3.97,4.25,4.57,5.20,5.23,5.04
DMA,Dominica,,LCR,3.97,3.67,4.03,4.30,4.12,4.02,3.81,3.88,4.24,4.37,4.03,3.70,3.47
DNK,Denmark,,Other,2.84,0.95,1.69,3.01,4.08,4.61,4.50,4.39,3.90,3.05,2.05,1.10,0.73
DOM,Dominican Republic,,LCR,4.57,4.47,4.82,4.93,4.73,4.42,4.42,4.56,4.64,4.73,4.57,4.28,4.29
DZA,Algeria,,MENA,4.92,4.44,4.95,5.32,5.36,5.20,5.20,5.19,5.11,4.92,4.73,4.39,4.21
ECU,Ecuador,,LCR,3.40,3.27,3.41,3.77,3.62,3.35,3.10,3.24,3.49,3.58,3.47,3.36,3.15
EGY,Arab Republic of Egypt,,MENA,5.25,4.62,5.10,5.54,5.54,5.47,5.58,5.57,5.63,5.57,5.15,4.74,4.46
ERI,Eritrea,,AFR,4.89,5.09,5.31,5.36,5.20,4.81,4.44,4.00,3.99,4.86,5.26,5.30,5.15
ESP,Spain,,Other,4.41,3.13,3.96,4.63,4.87,4.97,5.35,5.57,5.39,4.85,4.02,3.26,2.93
EST,Estonia,,ECA,2.84,0.78,1.80,3.25,4.25,4.85,4.65,4.55,4.00,2.96,1.78,0.69,0.44
ETH,Ethiopia,,AFR,4.70,5.42,5.56,5.21,4.67,4.35,3.88,3.58,3.95,4.56,4.73,5.13,5.36
FJI,Fiji,,EAP,3.82,4.00,3.81,3.88,3.80,3.65,3.51,3.71,3.85,3.92,3.91,3.85,3.88
FRA,France,,Other,3.39,1.83,2.65,3.62,4.15,4.31,4.61,4.59,4.38,3.93,2.92,1.98,1.65
FSM,Federated States of Micronesia,,EAP,3.89,3.84,4.04,4.16,4.08,3.80,3.70,3.62,3.94,3.93,4.04,3.80,3.73
GAB,Gabon,,AFR,3.60,4.02,4.05,4.09,3.94,3.45,3.01,3.07,3.11,3.46,3.71,3.64,3.70
GBR,United Kingdom,,Other,2.61,1.06,1.85,2.71,3.58,4.02,3.91,3.80,3.38,2.82,2.02,1.27,0.90
GEO,Georgia,,ECA,3.71,2.39,3.06,3.55,3.96,4.38,4.78,4.75,4.74,4.40,3.48,2.78,2.21
GHA,Ghana,,AFR,4.02,4.24,4.34,4.17,4.21,4.08,3.65,3.40,3.29,3.71,4.34,4.56,4.29
GIN,Guinea,,AFR,4.44,4.95,5.06,4.81,4.57,4.24,3.86,3.69,3.72,4.22,4.50,4.78,4.88
GMB,The Gambia,,AFR,4.57,4.79,4.99,5.12,5.15,4.74,4.22,3.95,3.86,4.25,4.62,4.64,4.54
GNB,Guinea-Bissau,,AFR,4.46,4.84,5.04,5.07,5.04,4.53,3.93,3.71,3.66,4.09,4.40,4.60,4.62
GNQ,Equatorial Guinea,,AFR,3.67,4.19,4.17,4.03,3.87,3.53,3.12,3.10,3.13,3.60,3.70,3.63,3.96
GRC,Greece,,Other,4.14,2.69,3.27,4.05,4.59,5.02,5.44,5.60,5.42,4.64,3.71,2.85,2.38
GRD,Grenada,,LCR,4.45,4.31,4.71,4.84,4.66,4.48,4.09,4.34,4.61,4.75,4.44,4.11,4.10
GTM,Guatemala,,LCR,4.39,4.27,4.72,4.97,4.83,4.31,4.07,4.29,4.46,4.34,4.11,4.15,4.14
GUM,Guam (U.S.),,Other,4.53,4.38,4.82,5.01,5.20,4.89,4.71,4.15,3.98,4.00,4.20,4.62,4.46
GUY,Guyana,,LCR,4.20,4.02,4.05,4.24,4.06,3.79,3.83,4.06,4.52,4.84,4.69,4.34,3.91
HKG,"Hong Kong, SAR",,EAP,3.27,3.00,2.70,2.71,2.82,3.38,3.36,3.94,3.72,3.70,3.63,3.16,3.08
HND,Honduras,,LCR,4.26,3.94,4.52,4.88,4.77,4.35,4.09,4.14,4.44,4.47,4.03,3.80,3.75
HRV,Croatia,,ECA,3.63,2.06,2.86,3.78,4.21,4.72,4.93,5.09,4.89,3.95,3.15,2.07,1.80
HTI,Haiti,,LCR,4.68,4.61,4.90,4.95,4.77,4.49,4.59,4.71,4.77,4.84,4.60,4.41,4.50
HUN,Hungary,,ECA,3.44,1.72,2.59,3.65,4.29,4.65,4.75,4.77,4.69,3.78,3.04,1.93,1.38
IDN,Indonesia,,EAP,3.77,3.40,3.63,3.87,3.91,3.82,3.69,3.75,3.99,4.15,3.97,3.65,3.37
IMN,Isle of Man (U.K.),,Other,2.76,0.98,1.84,2.83,3.91,4.56,4.39,4.20,3.71,2.88,1.91,1.13,0.78
IND,India,,SOA,4.32,4.51,5.05,5.23,5.02,4.58,3.69,3.11,3.35,4.04,4.55,4.43,4.36
IRL,Ireland,,Other,2.51,1.07,1.79,2.60,3.52,3.89,3.83,3.47,3.21,2.69,1.93,1.26,0.89
IRN,Islamic Republic of Iran,,MENA,4.92,3.99,4.52,4.99,5.03,5.23,5.47,5.33,5.50,5.58,5.06,4.32,3.97
IRQ,Iraq,,MENA,4.68,3.71,4.26,4.89,4.80,4.99,5.46,5.37,5.38,5.36,4.43,3.96,3.53
ISR,Israel,,Other,5.08,3.96,4.49,5.20,5.40,5.63,5.83,5.80,5.80,5.66,4.95,4.31,3.87
ITA,Italy,,Other,3.99,2.58,3.31,4.16,4.46,4.89,5.19,5.43,5.15,4.34,3.47,2.56,2.35
JAM,Jamaica,,LCR,4.39,4.20,4.50,4.74,4.68,4.33,4.31,4.46,4.48,4.48,4.23,4.17,4.07
JOR,Jordan,,MENA,5.32,4.34,4.90,5.54,5.60,5.70,5.89,5.86,5.91,5.89,5.27,4.64,4.24
JPN,Japan,,Other,3.45,2.84,3.42,3.94,4.14,4.08,3.58,3.58,3.78,3.53,3.29,2.72,2.45
KAZ,Kazakhstan,,ECA,3.69,1.52,2.60,3.86,4.76,5.15,5.14,5.01,5.00,4.58,3.39,1.92,1.24
KEN,Kenya,,AFR,4.50,4.94,5.13,4.93,4.46,4.22,3.90,3.85,4.20,4.79,4.61,4.38,4.68
KGZ,Kyrgyz Republic,,ECA,4.11,2.51,3.21,4.08,4.60,4.88,5.10,5.22,5.36,5.20,4.08,2.94,2.16
KHM,Cambodia,,EAP,4.13,4.48,4.74,4.56,4.42,4.08,3.68,3.54,3.70,3.63,4.02,4.25,4.44
KIR,Kiribati,,EAP,4.82,4.73,4.97,4.93,4.72,4.59,4.41,4.51,4.93,5.16,5.25,5.03,4.67
KNA,Saint Kitts and Nevis,,LCR,4.65,4.49,4.81,5.13,4.91,4.62,4.53,4.56,4.86,4.80,4.56,4.34,4.17
KOR,Republic of Korea,,EAP,3.82,3.70,4.05,4.27,4.28,4.37,3.80,3.29,3.65,3.78,4.02,3.33,3.27
KWT,Kuwait,,MENA,4.82,4.26,4.63,5.14,4.72,4.85,5.20,5.14,5.24,5.39,4.94,4.17,4.11
LAO,Lao People's Democratic Republic,,EAP,3.87,4.38,4.67,4.27,4.25,3.85,3.22,2.93,3.04,3.49,3.92,4.27,4.23
LBN,Lebanon,,MENA,4.83,3.13,3.74,4.79,5.22,5.67,5.98,5.97,5.88,5.64,4.74,3.98,3.19
LBR,Liberia,,AFR,3.88,4.33,4.41,4.19,4.04,3.78,3.31,3.15,3.29,3.75,4.05,4.12,4.22
LBY,Libya,,MENA,5.12,4.61,5.08,5.44,5.39,5.26,5.34,5.56,5.56,5.30,4.94,4.67,4.34
LCA,Saint Lucia,,LCR,4.52,4.46,4.82,4.91,4.69,4.53,4.22,4.39,4.61,4.72,4.47,4.20,4.27
LIE,Liechtenstein,,Other,3.25,1.83,2.65,3.63,4.10,4.15,4.29,4.33,4.11,3.61,2.94,1.83,1.47
LKA,Sri Lanka,,SOA,4.21,4.01,4.60,4.98,4.58,4.18,4.03,4.09,4.26,4.43,4.19,3.66,3.57
LSO,Lesotho,,AFR,5.13,4.98,5.04,5.01,5.02,4.88,4.87,5.09,5.40,5.61,5.38,5.26,5.08
LTU,Lithuania,,ECA,2.87,0.95,1.80,3.16,4.08,4.68,4.55,4.41,4.05,3.20,2.03,0.88,0.61
LUX,Luxembourg,,Other,2.95,1.24,2.05,3.18,4.01,4.15,4.40,4.31,3.99,3.42,2.35,1.24,1.00
LVA,Latvia,,ECA,2.85,0.90,1.87,3.20,4.13,4.73,4.59,4.48,4.00,3.06,1.91,0.79,0.54
MAC,"Macau, SAR",,EAP,3.40,2.99,2.69,2.69,2.95,3.67,3.65,4.20,3.95,3.94,3.77,3.25,3.05
MAR,Morocco,,MENA,5.01,4.55,5.04,5.34,5.49,5.31,5.30,5.17,5.11,5.14,4.78,4.52,4.34
MDA,Moldova,,ECA,3.45,1.64,2.48,3.52,4.20,4.82,4.86,4.89,4.76,3.92,3.09,1.75,1.40
MDG,Madagascar,,AFR,4.76,4.38,4.59,4.78,4.86,4.59,4.45,4.49,4.92,5.31,5.20,4.88,4.64
MDV,Maldives,,SOA,4.44,4.72,5.08,5.21,4.69,4.08,3.95,3.94,4.19,4.39,4.50,4.26,4.31
MEX,Mexico,,LCR,4.92,4.72,5.18,5.56,5.46,5.18,4.76,4.59,4.79,4.63,4.89,4.80,4.55
MHL,Marshall Islands,,EAP,4.24,4.29,4.57,4.56,4.42,4.21,4.06,3.97,4.29,4.27,4.21,3.92,4.11
MKD,North Macedonia,,ECA,3.88,2.46,3.22,3.93,4.22,4.62,5.08,5.25,5.08,4.27,3.60,2.66,2.14
MLI,Mali,,AFR,4.68,4.94,5.10,4.94,4.75,4.44,4.19,4.19,4.26,4.68,4.82,4.97,4.87
MLT,Malta,,MENA,4.56,3.14,3.89,4.67,5.16,5.63,5.76,5.92,5.63,4.82,3.96,3.22,2.91
MMR,Myanmar,,EAP,4.14,5.07,5.34,4.96,4.62,3.73,3.13,2.94,3.09,3.60,3.98,4.63,4.69
MNE,Montenegro,,ECA,3.82,2.58,3.09,3.91,4.10,4.52,4.93,5.15,4.98,4.11,3.55,2.59,2.25
MNG,Mongolia,,EAP,4.76,3.91,5.12,5.71,5.55,5.39,4.91,4.74,4.85,5.12,4.67,3.74,3.41
MNP,Northern Mariana Islands (U.S.),,Other,4.65,4.39,4.87,5.14,5.34,5.06,4.88,4.34,4.05,4.18,4.33,4.73,4.57
MOZ,Mozambique,,AFR,4.44,4.17,4.30,4.46,4.46,4.43,4.16,4.10,4.58,4.91,4.80,4.56,4.28
MRT,Mauritania,,AFR,4.75,4.87,5.06,5.19,5.14,4.76,4.43,4.35,4.47,4.71,4.73,4.71,4.59
MUS,Mauritius,,AFR,4.21,4.43,4.37,4.42,4.22,3.78,3.57,3.52,3.90,4.43,4.68,4.68,4.59
MWI,Malawi,,AFR,4.60,3.88,4.11,4.41,4.57,4.73,4.56,4.51,4.98,5.35,5.21,4.75,4.14
MYS,Malaysia,,EAP,3.74,3.39,3.91,4.12,4.11,3.82,3.68,3.67,3.82,3.86,3.71,3.51,3.30
NAM,Namibia,,AFR,5.38,5.06,5.12,5.19,5.33,5.46,5.40,5.50,5.71,5.73,5.57,5.32,5.16
NCL,New Caledonia (Fr.),,Other,3.98,4.13,4.08,3.82,3.76,3.57,3.33,3.55,3.96,4.52,4.48,4.35,4.18
NER,Niger,,AFR,4.84,5.25,5.26,4.99,4.74,4.51,4.29,4.35,4.43,4.85,4.97,5.22,5.20
NGA,Nigeria,,AFR,4.30,4.71,4.67,4.43,4.25,4.09,3.85,3.64,3.56,4.13,4.53,4.91,4.85
NIC,Nicaragua,,LCR,4.11,4.11,4.49,4.84,4.56,4.07,3.69,3.61,3.97,4.14,4.01,3.95,3.89
NLD,Netherlands,,Other,2.86,1.24,1.99,2.97,3.94,4.24,4.21,4.16,3.82,3.15,2.30,1.33,0.98
NOR,Norway,up to parallel 60°N,Other,2.76,0.75,1.77,3.20,4.17,4.75,4.58,4.20,3.63,2.77,1.85,0.92,0.50
NPL,Nepal,,SOA,4.00,3.42,4.22,4.88,4.71,4.33,3.78,3.33,3.54,3.82,4.37,4.00,3.58
NRU,Nauru,,EAP,4.65,4.28,4.55,4.74,4.67,4.74,4.54,4.50,4.89,4.96,5.03,4.65,4.27
NZL,New Zealand,,Other,3.68,4.52,4.35,4.04,3.38,2.84,2.52,2.76,3.19,3.67,4.14,4.39,4.36
OMN,Oman,,MENA,5.17,5.34,5.64,5.64,5.45,5.15,4.64,4.28,4.66,5.27,5.53,5.29,5.16
PAK,Pakistan,,SOA,4.71,4.24,4.67,5.12,5.17,5.03,4.69,4.25,4.48,5.01,5.08,4.51,4.31
PAN,Panama,,LCR,3.97,4.56,4.83,4.74,4.21,3.69,3.49,3.47,3.67,3.78,3.70,3.54,3.94
PER,Peru,,LCR,4.90,4.41,4.35,4.64,4.91,5.11,4.99,5.06,5.31,5.27,5.16,5.06,4.54
PHL,Philippines,,EAP,3.93,3.50,4.10,4.49,4.65,4.24,3.84,3.61,3.76,3.80,3.88,3.79,3.57
PLW,Palau,,EAP,4.01,4.06,4.25,4.56,4.43,3.97,3.58,3.49,3.75,3.79,4.16,4.01,4.02
PNG,Papua New Guinea,,EAP,3.69,3.76,3.90,3.86,3.77,3.55,3.23,3.17,3.49,3.70,4.00,3.99,3.90
POL,Poland,,ECA,2.98,1.24,1.99,3.14,4.07,4.52,4.43,4.29,4.16,3.35,2.37,1.26,0.96
PRI,Puerto Rico (U.S.),,Other,4.40,4.32,4.66,4.76,4.55,4.30,4.28,4.36,4.44,4.49,4.38,4.11,4.12
PRK,D. P. R. of Korea,,Other,3.92,4.16,4.43,4.49,4.30,4.15,3.86,3.21,3.63,4.11,4.07,3.23,3.40
PRT,Portugal,,Other,4.32,2.92,3.78,4.39,4.72,4.92,5.36,5.59,5.51,4.87,3.86,3.11,2.73
PRY,Paraguay,,LCR,4.28,4.82,4.67,4.69,4.27,3.67,3.34,3.72,4.18,4.21,4.43,4.69,4.71
PSE,West Bank and Gaza,,MENA,4.93,3.67,4.19,4.96,5.26,5.61,5.87,5.85,5.80,5.56,4.75,4.06,3.60
PYF,French Polynesia (Fr.),,Other,4.39,4.47,4.58,4.69,4.42,4.01,3.85,4.01,4.39,4.61,4.67,4.58,4.46
QAT,Qatar,,MENA,4.92,4.45,4.90,5.02,4.92,5.10,5.17,4.94,5.10,5.34,5.20,4.52,4.34
ROU,Romania,,ECA,3.52,1.90,2.70,3.67,4.16,4.63,4.79,4.86,4.74,3.92,3.17,2.09,1.61
RUS,Russian Federation,up to parallel 60°N,ECA,3.36,1.53,2.74,3.86,4.57,4.77,4.82,4.69,4.34,3.63,2.60,1.57,1.13
RWA,Rwanda,,AFR,4.10,3.95,4.15,4.15,3.94,3.91,4.26,4.54,4.39,4.33,4.05,3.78,3.78
SAU,Saudi Arabia,,MENA,5.16,4.90,5.32,5.49,5.23,5.11,5.20,5.12,5.12,5.40,5.39,4.88,4.76
SDN,Sudan,,AFR,4.94,5.56,5.63,5.48,5.16,4.63,4.31,4.04,4.08,4.64,5.01,5.42,5.43
SEN,Senegal,,AFR,4.58,4.76,4.96,5.08,5.10,4.70,4.25,4.04,4.01,4.37,4.63,4.62,4.51
SGP,Singapore,,Other,3.55,3.39,3.90,3.99,3.72,3.50,3.39,3.42,3.54,3.79,3.55,3.30,3.15
SLB,Solomon Islands,,EAP,3.69,3.58,3.84,3.85,3.88,3.60,3.32,3.17,3.53,3.85,3.94,3.91,3.81
SLE,Sierra Leone,,AFR,4.09,4.62,4.81,4.46,4.24,3.93,3.50,3.33,3.33,3.91,4.20,4.25,4.51
SLV,El Salvador,,LCR,4.83,5.35,5.51,5.37,4.83,4.27,4.16,4.54,4.68,4.44,4.51,5.10,5.20
SMR,San Marino,,Other,3.76,2.19,3.03,4.02,4.28,4.78,5.05,5.36,4.99,4.12,3.02,2.14,2.06
SOM,Somalia,,AFR,4.76,5.35,5.60,5.41,4.81,4.42,3.99,3.82,4.37,4.82,4.64,4.85,5.12
SRB,Serbia,,ECA,3.52,1.93,2.71,3.65,4.04,4.47,4.75,4.90,4.77,3.85,3.21,2.26,1.65
SSD,South Sudan,,AFR,4.46,5.14,5.07,4.74,4.38,4.07,3.76,3.68,3.94,4.38,4.53,4.82,5.02
STP,São Tomé and Príncipe,,AFR,3.47,3.79,3.97,3.94,3.71,3.36,3.04,3.02,3.21,3.39,3.31,3.34,3.56
SUR,Suriname,,LCR,4.27,3.92,3.92,4.20,4.07,3.83,3.93,4.24,4.68,5.04,4.94,4.54,3.91
SVK,Slovakia,,ECA,3.27,1.62,2.48,3.51,4.21,4.51,4.56,4.48,4.45,3.61,2.73,1.68,1.30
SVN,Slovenia,,ECA,3.43,2.03,2.87,3.65,4.04,4.47,4.64,4.77,4.57,3.72,2.88,1.87,1.69
SWE,Sweden,up to parallel 60°N,Other,2.84,0.86,1.75,3.26,4.14,4.60,4.57,4.39,3.87,3.08,1.96,0.92,0.59
SWZ,Eswatini,,AFR,4.32,4.21,4.39,4.38,4.28,4.46,4.43,4.46,4.62,4.50,4.03,4.00,4.08
SXM,Sint Maarten (Neth.),,Other,4.87,4.73,5.12,5.36,5.19,4.82,4.73,4.80,5.04,4.97,4.77,4.48,4.42
SYC,Seychelles,,AFR,4.35,3.96,4.48,4.66,4.73,4.39,3.95,4.05,4.23,4.44,4.64,4.50,4.16
SYR,Syrian Arab Republic,,MENA,4.85,3.45,4.11,4.94,5.15,5.47,5.81,5.82,5.78,5.65,4.71,4.01,3.33
TCA,Turks and Caicos Islands (U.K.),,Other,4.72,4.36,4.89,5.09,5.16,4.70,4.71,4.88,4.96,4.86,4.58,4.27,4.21
TCD,Chad,,AFR,4.84,5.49,5.44,5.17,4.80,4.44,4.18,4.02,4.08,4.60,4.99,5.43,5.44
TGO,Togo,,AFR,4.12,4.36,4.41,4.21,4.21,4.11,3.76,3.48,3.37,3.89,4.46,4.75,4.51
THA,Thailand,,EAP,4.06,4.52,4.77,4.56,4.51,3.95,3.52,3.28,3.39,3.63,3.95,4.34,4.42
TJK,Tajikistan,,ECA,4.34,2.63,3.23,4.05,4.71,5.12,5.47,5.56,5.61,5.55,4.53,3.09,2.47
TKM,Turkmenistan,,ECA,4.37,2.88,3.65,4.19,4.59,5.03,5.41,5.37,5.50,5.35,4.46,3.29,2.67
TLS,Timor-Leste,,EAP,4.34,3.72,3.93,4.22,4.56,3.98,3.81,4.07,4.85,5.26,5.18,4.73,3.76
TON,Tonga,,EAP,4.01,4.39,4.44,4.33,3.85,3.50,3.18,3.38,3.66,4.04,4.37,4.44,4.52
TTO,Trinidad and Tobago,,LCR,4.35,4.37,4.64,4.72,4.53,4.32,4.01,4.22,4.42,4.57,4.32,4.07,4.03
TUN,Tunisia,,MENA,4.74,4.00,4.55,4.99,5.16,5.21,5.32,5.45,5.29,4.78,4.41,3.99,3.78
TUR,Turkey,,ECA,4.32,2.64,3.39,4.13,4.60,5.02,5.49,5.70,5.62,5.26,4.18,3.38,2.45
TUV,Tuvalu,,EAP,4.27,3.91,4.17,4.23,4.41,4.31,3.99,4.06,4.36,4.77,4.59,4.42,3.99
TZA,Tanzania,,AFR,4.51,4.17,4.42,4.49,4.39,4.38,4.55,4.63,4.73,4.94,4.77,4.43,4.20
UGA,Uganda,,AFR,4.46,4.80,4.86,4.65,4.36,4.27,4.06,4.00,4.22,4.67,4.53,4.48,4.67
UKR,Ukraine,,ECA,3.30,1.46,2.28,3.33,4.16,4.78,4.84,4.81,4.66,3.81,2.80,1.46,1.10
URY,Uruguay,,LCR,4.30,5.22,4.86,4.73,4.07,3.41,3.16,3.35,3.80,4.23,4.64,5.12,5.09
USA,United States of America,up to parallel 60°N,Other,4.36,3.45,4.02,4.60,4.83,4.91,4.97,4.99,4.90,4.74,4.24,3.62,3.03
UZB,Uzbekistan,,ECA,4.27,2.45,3.37,4.09,4.65,5.09,5.46,5.52,5.58,5.38,4.32,2.98,2.29
VCT,Saint Vincent and the Grenadines,,LCR,4.27,4.09,4.48,4.62,4.44,4.30,3.94,4.16,4.50,4.60,4.27,3.91,3.95
VEN,R. B. de Venezuela,,LCR,4.35,4.62,4.76,4.63,4.17,4.01,3.92,4.06,4.31,4.53,4.50,4.39,4.38
VGB,British Virgin Islands (U.K.),,Other,4.85,4.73,5.14,5.35,5.14,4.80,4.70,4.84,4.99,4.99,4.77,4.43,4.40
VIR,United States Virgin Islands (U.S.),,Other,4.75,4.63,5.03,5.22,5.02,4.72,4.64,4.73,4.89,4.85,4.63,4.33,4.33
VNM,Vietnam,,EAP,3.55,3.12,3.79,3.84,3.97,3.94,3.61,3.51,3.62,3.53,3.42,3.27,3.05
VUT,Vanuatu,,EAP,3.53,3.93,3.99,3.80,3.54,3.16,2.85,2.89,3.23,3.51,3.68,3.80,4.03
WSM,Samoa,,EAP,4.05,3.96,4.20,4.35,4.11,3.72,3.63,3.68,4.09,4.36,4.33,4.18,4.03
XKO,Kosovo,,ECA,3.70,2.27,2.99,3.74,4.04,4.50,4.92,5.08,4.97,4.03,3.41,2.47,1.89
YEM,Republic of Yemen,,MENA,5.21,5.52,5.75,5.71,5.45,5.06,4.53,4.16,4.49,5.07,5.70,5.64,5.52
ZAF,South Africa,,AFR,5.00,5.03,5.07,5.01,4.83,4.71,4.62,4.81,5.14,5.35,5.25,5.15,5.07
ZMB,Zambia,,AFR,4.83,3.98,4.17,4.51,5.00,5.29,5.27,5.29,5.47,5.40,5.05,4.41,4.06
ZWE,Zimbabwe,,AFR,4.86,4.37,4.54,4.72,4.93,5.06,4.88,4.91,5.41,5.45,5.17,4.57,4.30